,Number,Begining_Sentiment,After_Sentiment
0,1.0,-143.26600000000005,1.992
1,2.0,-30.764999999999993,0.0
2,3.0,-23.817999999999984,0.0
3,4.0,-122.292,-18.988
4,5.0,24.025999999999996,0.0
5,6.0,-53.32,-28.139999999999997
6,7.0,2.6200000000000028,0.0
7,8.0,-19.032,7.112
